﻿<?xml version="1.0" encoding="utf-8" ?>
<c2eventsheet>
    <!--All the 'name' attributes are ignored by Construct 2 - they are there for readability only.-->
    <name>Player</name>
    <events>
        <event-block sid="389858595952147">
            <conditions>
                <condition id="0" name="On key pressed" sid="729345479064732" type="Keyboard">
                    <param id="0" name="Key">38</param>
                </condition>
            </conditions>
            <actions>
                <action id="4" name="Set animation" sid="263254792766051" type="Player">
                    <param id="0" name="Animation">&quot;Costa&quot;</param>
                    <param id="1" name="From">1</param>
                </action>
            </actions>
        </event-block>
        <event-block sid="477193715197232">
            <conditions>
                <condition id="0" name="On key pressed" sid="835934355263002" type="Keyboard">
                    <param id="0" name="Key">40</param>
                </condition>
            </conditions>
            <actions>
                <action id="4" name="Set animation" sid="453362641267600" type="Player">
                    <param id="0" name="Animation">&quot;Frente&quot;</param>
                    <param id="1" name="From">1</param>
                </action>
            </actions>
        </event-block>
        <event-block sid="902884734500605">
            <conditions>
                <condition id="0" name="On key pressed" sid="778813797863188" type="Keyboard">
                    <param id="0" name="Key">37</param>
                </condition>
            </conditions>
            <actions>
                <action id="4" name="Set animation" sid="454838050625922" type="Player">
                    <param id="0" name="Animation">&quot;Esquerda&quot;</param>
                    <param id="1" name="From">1</param>
                </action>
            </actions>
        </event-block>
        <event-block sid="383305673671272">
            <conditions>
                <condition id="0" name="On key pressed" sid="312818914035040" type="Keyboard">
                    <param id="0" name="Key">39</param>
                </condition>
            </conditions>
            <actions>
                <action id="4" name="Set animation" sid="905728477548568" type="Player">
                    <param id="0" name="Animation">&quot;Direita&quot;</param>
                    <param id="1" name="From">1</param>
                </action>
            </actions>
        </event-block>
        <event-block sid="292766250675197">
            <conditions>
                <condition id="7" name="On any key released" sid="806074574580892" type="Keyboard" />
            </conditions>
            <actions>
                <action id="2" name="Stop" sid="149299330726450" type="Player" />
            </actions>
        </event-block>
    </events>
</c2eventsheet>
