﻿<?xml version="1.0" encoding="utf-8" ?>
<c2eventsheet>
    <!--All the 'name' attributes are ignored by Construct 2 - they are there for readability only.-->
    <name>Box</name>
    <events>
        <event-block sid="790546684624500">
            <conditions>
                <condition id="0" name="On collision with another object" sid="256755208402440" type="box">
                    <param id="0" name="Object">Player</param>
                </condition>
                <condition id="2" name="Key is down" sid="100937593493417" type="Keyboard">
                    <param id="0" name="Key">38</param>
                </condition>
            </conditions>
            <actions>
                <action behavior="Solid" id="0" name="Set enabled" sid="764235239032784" type="box">
                    <param id="0" name="State">0</param>
                </action>
                <action behavior="8Direction" id="8" name="Set enabled" sid="826731299653344" type="box">
                    <param id="0" name="State">1</param>
                </action>
                <action behavior="8Direction" id="7" name="Simulate control" sid="455175633057859" type="box">
                    <param id="0" name="Control">2</param>
                </action>
            </actions>
        </event-block>
    </events>
</c2eventsheet>
